ID,Nome,Idade,Cidade,Email,Salário
X7HCGD,Igor Oliveira,41,Belo Horizonte,igor.oliveira@hotmail.com,9624.24
NXD4P7,Fernanda Lima,64,São Paulo,fernanda.lima@outlook.com,9907.29
KB0LOA,Julia Oliveira,35,Rio de Janeiro,julia.oliveira@yahoo.com,10470.59
SWNIKJ,Daniela Souza,62,Belo Horizonte,daniela.souza@yahoo.com,10069.91
P14VY0,Fernanda Lima,29,Salvador,fernanda.lima@yahoo.com,3947.18
DO9Z6H,Daniela Oliveira,21,São Paulo,daniela.oliveira@hotmail.com,6572.51
L2WHF0,Ana Nascimento,53,São Paulo,ana.nascimento@gmail.com,9385.62
J1QPK5,Ana Silva,23,São Paulo,ana.silva@hotmail.com,2251.4
LHNH7X,Fernanda Lima,20,Belo Horizonte,fernanda.lima@gmail.com,11581.99
7TXALJ,Gabriel Nascimento,42,Belo Horizonte,gabriel.nascimento@hotmail.com,11155.11
CG71ZF,Ana Lima,53,São Paulo,ana.lima@gmail.com,6719.81
4MIVHX,Fernanda Souza,41,Rio de Janeiro,fernanda.souza@outlook.com,4968.8
1KK85F,Bruno Rodrigues,39,Curitiba,bruno.rodrigues@hotmail.com,1600.71
VMXFI8,Daniela Rodrigues,27,Porto Alegre,daniela.rodrigues@yahoo.com,6789.41
GP257E,Helena Nascimento,65,São Paulo,helena.nascimento@outlook.com,10157.21
QQQTT6,Julia Oliveira,52,Curitiba,julia.oliveira@outlook.com,11373.17
15P233,Bruno Rodrigues,29,Salvador,bruno.rodrigues@outlook.com,11713.14
DYL1RE,Julia Silva,20,Rio de Janeiro,julia.silva@gmail.com,6047.09
3TW769,Fernanda Oliveira,54,Porto Alegre,fernanda.oliveira@yahoo.com,8252.79
H4DNLO,Eduardo Souza,52,Belo Horizonte,eduardo.souza@yahoo.com,10294.46
